person,yaw,illumination,path,A_correct_seeds,A_mean_confidence,B_correct_seeds,B_mean_confidence,abs_yaw,A_always_correct,B_always_correct,A_always_wrong,B_always_wrong
person001,75,2,E:\Thesis\Dataset\correct_angle_all\person001\right\75_degree02.png,0,0.138992,0,0.21117651,75,0,0,1,1
person002,-90,2,E:\Thesis\Dataset\correct_angle_all\person002\left\90_degree_02.png,0,0.20898183,0,0.116910525,90,0,0,1,1
person002,-90,9,E:\Thesis\Dataset\correct_angle_all\person002\left\90_degree_09.png,0,0.16893335,0,0.13261174,90,0,0,1,1
person002,-90,14,E:\Thesis\Dataset\correct_angle_all\person002\left\90_degree_14.png,0,0.28600338,0,0.10816171,90,0,0,1,1
person002,-75,9,E:\Thesis\Dataset\correct_angle_all\person002\left\75_degree_09.png,0,0.16389851,0,0.23336928,75,0,0,1,1
person002,-75,14,E:\Thesis\Dataset\correct_angle_all\person002\left\75_degree_14.png,0,0.171282,0,0.28844407,75,0,0,1,1
person002,75,2,E:\Thesis\Dataset\correct_angle_all\person002\right\75_degree02.png,2,0.120816946,0,0.14541547,75,0,0,0,1
person002,90,2,E:\Thesis\Dataset\correct_angle_all\person002\right\90_degree02.png,2,0.08567382,0,0.17397825,90,0,0,0,1
person002,90,9,E:\Thesis\Dataset\correct_angle_all\person002\right\90_degree09.png,2,0.14121892,0,0.2477148,90,0,0,0,1
person002,90,18,E:\Thesis\Dataset\correct_angle_all\person002\right\90_degree18.png,2,0.11909658,0,0.26233453,90,0,0,0,1
person003,75,2,E:\Thesis\Dataset\correct_angle_all\person003\right\75_degree02.png,0,0.12438186,0,0.46390137,75,0,0,1,1
person004,-75,14,E:\Thesis\Dataset\correct_angle_all\person004\left\75_degree_14.png,0,0.13975492,0,0.18302195,75,0,0,1,1
person004,75,2,E:\Thesis\Dataset\correct_angle_all\person004\right\75_degree02.png,0,0.16932093,0,0.29704574,75,0,0,1,1
person005,-90,9,E:\Thesis\Dataset\correct_angle_all\person005\left\90_degree_09.png,0,0.14516126,0,0.12211907,90,0,0,1,1
person005,-90,14,E:\Thesis\Dataset\correct_angle_all\person005\left\90_degree_14.png,0,0.3190212,0,0.08827507,90,0,0,1,1
person005,-90,18,E:\Thesis\Dataset\correct_angle_all\person005\left\90_degree_18.png,0,0.17514066,0,0.12604989,90,0,0,1,1
person005,-75,14,E:\Thesis\Dataset\correct_angle_all\person005\left\75_degree_14.png,0,0.12732954,0,0.17105223,75,0,0,1,1
person005,75,2,E:\Thesis\Dataset\correct_angle_all\person005\right\75_degree02.png,0,0.12532634,0,0.125239,75,0,0,1,1
person005,90,2,E:\Thesis\Dataset\correct_angle_all\person005\right\90_degree02.png,0,0.06544524,0,0.32509828,90,0,0,1,1
person005,90,9,E:\Thesis\Dataset\correct_angle_all\person005\right\90_degree09.png,0,0.076034926,0,0.3646916,90,0,0,1,1
person005,90,18,E:\Thesis\Dataset\correct_angle_all\person005\right\90_degree18.png,0,0.070067026,0,0.2813387,90,0,0,1,1
person006,75,2,E:\Thesis\Dataset\correct_angle_all\person006\right\75_degree02.png,0,0.21242626,0,0.20811647,75,0,0,1,1
person006,90,9,E:\Thesis\Dataset\correct_angle_all\person006\right\90_degree09.png,0,0.14614695,0,0.16369727,90,0,0,1,1
person006,90,18,E:\Thesis\Dataset\correct_angle_all\person006\right\90_degree18.png,0,0.11891711,0,0.1757272,90,0,0,1,1
person007,-90,2,E:\Thesis\Dataset\correct_angle_all\person007\left\90_degree_02.png,0,0.2124237,0,0.16201226,90,0,0,1,1
person007,-90,14,E:\Thesis\Dataset\correct_angle_all\person007\left\90_degree_14.png,0,0.2433027,0,0.23935367,90,0,0,1,1
person007,-90,18,E:\Thesis\Dataset\correct_angle_all\person007\left\90_degree_18.png,0,0.1596809,0,0.17201746,90,0,0,1,1
person007,-75,14,E:\Thesis\Dataset\correct_angle_all\person007\left\75_degree_14.png,0,0.091714405,0,0.4755529,75,0,0,1,1
person007,75,2,E:\Thesis\Dataset\correct_angle_all\person007\right\75_degree02.png,0,0.115318,0,0.13875045,75,0,0,1,1
person007,90,2,E:\Thesis\Dataset\correct_angle_all\person007\right\90_degree02.png,0,0.1603702,0,0.23070149,90,0,0,1,1
person009,-90,2,E:\Thesis\Dataset\correct_angle_all\person009\left\90_degree_02.png,0,0.07292775,0,0.117123514,90,0,0,1,1
person009,-90,9,E:\Thesis\Dataset\correct_angle_all\person009\left\90_degree_09.png,0,0.09114674,0,0.3744917,90,0,0,1,1
person009,-90,14,E:\Thesis\Dataset\correct_angle_all\person009\left\90_degree_14.png,0,0.06631638,0,0.3802066,90,0,0,1,1
person009,-90,18,E:\Thesis\Dataset\correct_angle_all\person009\left\90_degree_18.png,0,0.08302736,0,0.24620748,90,0,0,1,1
person009,-75,14,E:\Thesis\Dataset\correct_angle_all\person009\left\75_degree_14.png,0,0.116701186,0,0.22891332,75,0,0,1,1
person009,-75,18,E:\Thesis\Dataset\correct_angle_all\person009\left\75_degree_18.png,0,0.16764836,0,0.43119082,75,0,0,1,1
person009,75,2,E:\Thesis\Dataset\correct_angle_all\person009\right\75_degree02.png,0,0.13874336,0,0.31212717,75,0,0,1,1
person009,90,2,E:\Thesis\Dataset\correct_angle_all\person009\right\90_degree02.png,0,0.09011382,0,0.51660746,90,0,0,1,1
person009,90,9,E:\Thesis\Dataset\correct_angle_all\person009\right\90_degree09.png,0,0.110296525,0,0.5112095,90,0,0,1,1
person010,-90,2,E:\Thesis\Dataset\correct_angle_all\person010\left\90_degree_02.png,0,0.15499376,0,0.2977074,90,0,0,1,1
person010,-75,14,E:\Thesis\Dataset\correct_angle_all\person010\left\75_degree_14.png,0,0.0836247,0,0.13528168,75,0,0,1,1
person010,75,2,E:\Thesis\Dataset\correct_angle_all\person010\right\75_degree02.png,0,0.071896076,0,0.32628146,75,0,0,1,1
person011,75,2,E:\Thesis\Dataset\correct_angle_all\person011\right\75_degree02.png,0,0.15645246,0,0.3645126,75,0,0,1,1
person011,75,14,E:\Thesis\Dataset\correct_angle_all\person011\right\75_degree14.png,0,0.10103469,0,0.39376548,75,0,0,1,1
person012,-90,2,E:\Thesis\Dataset\correct_angle_all\person012\left\90_degree_02.png,0,0.094568156,0,0.122206174,90,0,0,1,1
person012,-90,9,E:\Thesis\Dataset\correct_angle_all\person012\left\90_degree_09.png,0,0.097133994,0,0.14072649,90,0,0,1,1
person012,-90,14,E:\Thesis\Dataset\correct_angle_all\person012\left\90_degree_14.png,0,0.09162768,0,0.1505094,90,0,0,1,1
person012,-90,18,E:\Thesis\Dataset\correct_angle_all\person012\left\90_degree_18.png,0,0.09365308,0,0.17528915,90,0,0,1,1
person012,-75,14,E:\Thesis\Dataset\correct_angle_all\person012\left\75_degree_14.png,0,0.20518501,0,0.124168836,75,0,0,1,1
person012,75,2,E:\Thesis\Dataset\correct_angle_all\person012\right\75_degree02.png,0,0.12534052,0,0.3127208,75,0,0,1,1
person013,75,2,E:\Thesis\Dataset\correct_angle_all\person013\right\75_degree02.png,0,0.1425216,0,0.1846422,75,0,0,1,1
person014,-90,9,E:\Thesis\Dataset\correct_angle_all\person014\left\90_degree_09.png,0,0.09375695,0,0.2709538,90,0,0,1,1
person014,-90,14,E:\Thesis\Dataset\correct_angle_all\person014\left\90_degree_14.png,0,0.122562684,0,0.16887327,90,0,0,1,1
person014,-90,18,E:\Thesis\Dataset\correct_angle_all\person014\left\90_degree_18.png,0,0.11101373,0,0.17950879,90,0,0,1,1
person014,-75,14,E:\Thesis\Dataset\correct_angle_all\person014\left\75_degree_14.png,0,0.10711824,0,0.20446657,75,0,0,1,1
person014,75,2,E:\Thesis\Dataset\correct_angle_all\person014\right\75_degree02.png,0,0.15124057,0,0.5200721,75,0,0,1,1
person016,-90,2,E:\Thesis\Dataset\correct_angle_all\person016\left\90_degree_02.png,0,0.1524046,0,0.31439626,90,0,0,1,1
person016,-90,9,E:\Thesis\Dataset\correct_angle_all\person016\left\90_degree_09.png,0,0.18360579,0,0.30804887,90,0,0,1,1
person016,-90,14,E:\Thesis\Dataset\correct_angle_all\person016\left\90_degree_14.png,0,0.16277118,0,0.36774078,90,0,0,1,1
person016,-90,18,E:\Thesis\Dataset\correct_angle_all\person016\left\90_degree_18.png,0,0.21260051,0,0.2562433,90,0,0,1,1
person016,-75,14,E:\Thesis\Dataset\correct_angle_all\person016\left\75_degree_14.png,0,0.2549431,0,0.12745802,75,0,0,1,1
person016,75,2,E:\Thesis\Dataset\correct_angle_all\person016\right\75_degree02.png,0,0.08920533,0,0.37070036,75,0,0,1,1
person016,90,14,E:\Thesis\Dataset\correct_angle_all\person016\right\90_degree14.png,0,0.119298905,0,0.13355362,90,0,0,1,1
person018,-90,2,E:\Thesis\Dataset\correct_angle_all\person018\left\90_degree_02.png,0,0.06755077,0,0.20014219,90,0,0,1,1
person018,-90,9,E:\Thesis\Dataset\correct_angle_all\person018\left\90_degree_09.png,0,0.097878456,0,0.2822332,90,0,0,1,1
person018,-90,14,E:\Thesis\Dataset\correct_angle_all\person018\left\90_degree_14.png,0,0.12903243,0,0.24899898,90,0,0,1,1
person018,-90,18,E:\Thesis\Dataset\correct_angle_all\person018\left\90_degree_18.png,0,0.13427608,0,0.29963797,90,0,0,1,1
person018,-75,14,E:\Thesis\Dataset\correct_angle_all\person018\left\75_degree_14.png,0,0.14308865,0,0.25268453,75,0,0,1,1
person018,75,2,E:\Thesis\Dataset\correct_angle_all\person018\right\75_degree02.png,0,0.14420922,0,0.414193,75,0,0,1,1
person019,75,2,E:\Thesis\Dataset\correct_angle_all\person019\right\75_degree02.png,0,0.069991894,0,0.15350744,75,0,0,1,1
person020,75,2,E:\Thesis\Dataset\correct_angle_all\person020\right\75_degree02.png,0,0.08789748,0,0.49572396,75,0,0,1,1
person020,90,14,E:\Thesis\Dataset\correct_angle_all\person020\right\90_degree14.png,0,0.121775895,0,0.36459255,90,0,0,1,1
person021,75,2,E:\Thesis\Dataset\correct_angle_all\person021\right\75_degree02.png,0,0.08966797,0,0.33582374,75,0,0,1,1
person022,-75,2,E:\Thesis\Dataset\correct_angle_all\person022\left\75_degree_02.png,0,0.081504114,0,0.23506384,75,0,0,1,1
person022,75,2,E:\Thesis\Dataset\correct_angle_all\person022\right\75_degree02.png,0,0.10915025,0,0.46718374,75,0,0,1,1
person024,75,2,E:\Thesis\Dataset\correct_angle_all\person024\right\75_degree02.png,0,0.1360368,0,0.2284158,75,0,0,1,1
person025,-90,2,E:\Thesis\Dataset\correct_angle_all\person025\left\90_degree_02.png,0,0.06069241,0,0.20842592,90,0,0,1,1
person025,-90,14,E:\Thesis\Dataset\correct_angle_all\person025\left\90_degree_14.png,0,0.08253911,0,0.1405183,90,0,0,1,1
person025,-90,18,E:\Thesis\Dataset\correct_angle_all\person025\left\90_degree_18.png,0,0.082816176,0,0.16521536,90,0,0,1,1
person025,-75,2,E:\Thesis\Dataset\correct_angle_all\person025\left\75_degree_02.png,0,0.10348473,0,0.26170048,75,0,0,1,1
person025,-75,14,E:\Thesis\Dataset\correct_angle_all\person025\left\75_degree_14.png,0,0.22447449,0,0.23490347,75,0,0,1,1
person025,75,2,E:\Thesis\Dataset\correct_angle_all\person025\right\75_degree02.png,0,0.11978665,0,0.23322888,75,0,0,1,1
person025,75,14,E:\Thesis\Dataset\correct_angle_all\person025\right\75_degree14.png,0,0.39198384,0,0.26836264,75,0,0,1,1
person025,90,2,E:\Thesis\Dataset\correct_angle_all\person025\right\90_degree02.png,0,0.25322908,0,0.27230808,90,0,0,1,1
person025,90,9,E:\Thesis\Dataset\correct_angle_all\person025\right\90_degree09.png,0,0.19684589,0,0.25759485,90,0,0,1,1
person025,90,14,E:\Thesis\Dataset\correct_angle_all\person025\right\90_degree14.png,0,0.45364082,0,0.13331424,90,0,0,1,1
person026,-90,14,E:\Thesis\Dataset\correct_angle_all\person026\left\90_degree_14.png,0,0.085789025,0,0.14010492,90,0,0,1,1
person026,-90,18,E:\Thesis\Dataset\correct_angle_all\person026\left\90_degree_18.png,0,0.12550992,0,0.15049587,90,0,0,1,1
person026,90,2,E:\Thesis\Dataset\correct_angle_all\person026\right\90_degree02.png,0,0.06523796,0,0.17993362,90,0,0,1,1
person027,-90,2,E:\Thesis\Dataset\correct_angle_all\person027\left\90_degree_02.png,0,0.28158942,0,0.30718708,90,0,0,1,1
person027,-90,9,E:\Thesis\Dataset\correct_angle_all\person027\left\90_degree_09.png,0,0.14884245,0,0.40406084,90,0,0,1,1
person027,-90,18,E:\Thesis\Dataset\correct_angle_all\person027\left\90_degree_18.png,0,0.15947156,0,0.35480526,90,0,0,1,1
person027,75,2,E:\Thesis\Dataset\correct_angle_all\person027\right\75_degree02.png,0,0.13917758,0,0.32788265,75,0,0,1,1
person028,-90,9,E:\Thesis\Dataset\correct_angle_all\person028\left\90_degree_09.png,0,0.1389062,0,0.08525342,90,0,0,1,1
person028,-90,14,E:\Thesis\Dataset\correct_angle_all\person028\left\90_degree_14.png,0,0.1588321,0,0.15675645,90,0,0,1,1
person028,-75,14,E:\Thesis\Dataset\correct_angle_all\person028\left\75_degree_14.png,0,0.10629574,0,0.16144066,75,0,0,1,1
person028,75,2,E:\Thesis\Dataset\correct_angle_all\person028\right\75_degree02.png,0,0.08749533,0,0.24166237,75,0,0,1,1
person028,90,2,E:\Thesis\Dataset\correct_angle_all\person028\right\90_degree02.png,0,0.06535699,0,0.17717957,90,0,0,1,1
person029,75,2,E:\Thesis\Dataset\correct_angle_all\person029\right\75_degree02.png,0,0.16561073,0,0.23088236,75,0,0,1,1
person030,-90,2,E:\Thesis\Dataset\correct_angle_all\person030\left\90_degree_02.png,0,0.29775783,0,0.20853078,90,0,0,1,1
person030,-90,14,E:\Thesis\Dataset\correct_angle_all\person030\left\90_degree_14.png,0,0.21641703,0,0.17369646,90,0,0,1,1
person030,-90,18,E:\Thesis\Dataset\correct_angle_all\person030\left\90_degree_18.png,0,0.21540524,0,0.10709234,90,0,0,1,1
person030,-75,14,E:\Thesis\Dataset\correct_angle_all\person030\left\75_degree_14.png,0,0.09579226,0,0.17245357,75,0,0,1,1
person030,75,2,E:\Thesis\Dataset\correct_angle_all\person030\right\75_degree02.png,0,0.116045,0,0.26007494,75,0,0,1,1
person030,90,14,E:\Thesis\Dataset\correct_angle_all\person030\right\90_degree14.png,0,0.06720889,0,0.18977596,90,0,0,1,1
person031,-90,2,E:\Thesis\Dataset\correct_angle_all\person031\left\90_degree_02.png,0,0.30309972,0,0.12710412,90,0,0,1,1
person031,-90,9,E:\Thesis\Dataset\correct_angle_all\person031\left\90_degree_09.png,0,0.17899688,0,0.16953976,90,0,0,1,1
person031,-90,14,E:\Thesis\Dataset\correct_angle_all\person031\left\90_degree_14.png,0,0.32377625,0,0.1546068,90,0,0,1,1
person031,45,14,E:\Thesis\Dataset\correct_angle_all\person031\right\45_degree14.png,0,0.11656544,0,0.41452584,45,0,0,1,1
person031,75,2,E:\Thesis\Dataset\correct_angle_all\person031\right\75_degree02.png,0,0.10333055,0,0.20763218,75,0,0,1,1
person032,-90,2,E:\Thesis\Dataset\correct_angle_all\person032\left\90_degree_02.png,0,0.09942174,0,0.22102481,90,0,0,1,1
person032,-90,14,E:\Thesis\Dataset\correct_angle_all\person032\left\90_degree_14.png,0,0.09004652,0,0.16796105,90,0,0,1,1
person032,-90,18,E:\Thesis\Dataset\correct_angle_all\person032\left\90_degree_18.png,0,0.08927888,0,0.13286817,90,0,0,1,1
person032,-75,14,E:\Thesis\Dataset\correct_angle_all\person032\left\75_degree_14.png,0,0.09300744,0,0.26139668,75,0,0,1,1
person032,75,2,E:\Thesis\Dataset\correct_angle_all\person032\right\75_degree02.png,0,0.07291993,0,0.51064223,75,0,0,1,1
person032,90,9,E:\Thesis\Dataset\correct_angle_all\person032\right\90_degree09.png,0,0.15054718,0,0.18000434,90,0,0,1,1
person033,-90,2,E:\Thesis\Dataset\correct_angle_all\person033\left\90_degree_02.png,0,0.22195327,0,0.2341699,90,0,0,1,1
person033,-90,9,E:\Thesis\Dataset\correct_angle_all\person033\left\90_degree_09.png,0,0.10838888,0,0.16366236,90,0,0,1,1
person033,-90,14,E:\Thesis\Dataset\correct_angle_all\person033\left\90_degree_14.png,0,0.15664731,0,0.23121412,90,0,0,1,1
person033,-90,18,E:\Thesis\Dataset\correct_angle_all\person033\left\90_degree_18.png,0,0.08455283,0,0.10631424,90,0,0,1,1
person033,75,2,E:\Thesis\Dataset\correct_angle_all\person033\right\75_degree02.png,0,0.11745011,0,0.18113928,75,0,0,1,1
person033,90,2,E:\Thesis\Dataset\correct_angle_all\person033\right\90_degree02.png,0,0.075424604,0,0.10627288,90,0,0,1,1
person034,-75,14,E:\Thesis\Dataset\correct_angle_all\person034\left\75_degree_14.png,0,0.13098606,0,0.081158884,75,0,0,1,1
person034,75,2,E:\Thesis\Dataset\correct_angle_all\person034\right\75_degree02.png,0,0.1364233,0,0.16099586,75,0,0,1,1
person035,75,2,E:\Thesis\Dataset\correct_angle_all\person035\right\75_degree02.png,0,0.17937446,0,0.38963187,75,0,0,1,1
person036,-75,14,E:\Thesis\Dataset\correct_angle_all\person036\left\75_degree_14.png,0,0.096503615,0,0.19229537,75,0,0,1,1
person036,75,2,E:\Thesis\Dataset\correct_angle_all\person036\right\75_degree02.png,0,0.13011275,0,0.3773967,75,0,0,1,1
person037,-75,14,E:\Thesis\Dataset\correct_angle_all\person037\left\75_degree_14.png,0,0.10487931,0,0.21583627,75,0,0,1,1
person037,75,2,E:\Thesis\Dataset\correct_angle_all\person037\right\75_degree02.png,0,0.084055334,0,0.29027286,75,0,0,1,1
person038,-90,2,E:\Thesis\Dataset\correct_angle_all\person038\left\90_degree_02.png,0,0.23652227,0,0.2592944,90,0,0,1,1
person038,-90,9,E:\Thesis\Dataset\correct_angle_all\person038\left\90_degree_09.png,0,0.13317376,0,0.31020248,90,0,0,1,1
person038,-90,14,E:\Thesis\Dataset\correct_angle_all\person038\left\90_degree_14.png,0,0.19845389,0,0.23470347,90,0,0,1,1
person038,-90,18,E:\Thesis\Dataset\correct_angle_all\person038\left\90_degree_18.png,0,0.11591363,0,0.23191981,90,0,0,1,1
person038,-75,14,E:\Thesis\Dataset\correct_angle_all\person038\left\75_degree_14.png,0,0.09317457,0,0.21744059,75,0,0,1,1
person038,75,2,E:\Thesis\Dataset\correct_angle_all\person038\right\75_degree02.png,0,0.109917164,0,0.22207947,75,0,0,1,1
person039,-90,18,E:\Thesis\Dataset\correct_angle_all\person039\left\90_degree_18.png,0,0.09513577,0,0.15089662,90,0,0,1,1
person039,-45,9,E:\Thesis\Dataset\correct_angle_all\person039\left\45_degree_09.png,0,0.19614659,0,0.37384453,45,0,0,1,1
person039,-45,14,E:\Thesis\Dataset\correct_angle_all\person039\left\45_degree_14.png,0,0.2266631,0,0.36712682,45,0,0,1,1
person039,75,2,E:\Thesis\Dataset\correct_angle_all\person039\right\75_degree02.png,0,0.17900012,0,0.23724294,75,0,0,1,1
person039,75,14,E:\Thesis\Dataset\correct_angle_all\person039\right\75_degree14.png,0,0.14646466,0,0.31410325,75,0,0,1,1
person040,75,2,E:\Thesis\Dataset\correct_angle_all\person040\right\75_degree02.png,0,0.14648478,0,0.385528,75,0,0,1,1
person040,75,14,E:\Thesis\Dataset\correct_angle_all\person040\right\75_degree14.png,0,0.10513925,0,0.46416053,75,0,0,1,1
person040,90,2,E:\Thesis\Dataset\correct_angle_all\person040\right\90_degree02.png,0,0.07487303,0,0.32400557,90,0,0,1,1
person040,90,14,E:\Thesis\Dataset\correct_angle_all\person040\right\90_degree14.png,0,0.088268705,0,0.3223831,90,0,0,1,1
person041,-90,9,E:\Thesis\Dataset\correct_angle_all\person041\left\90_degree_09.png,0,0.13179387,0,0.14830707,90,0,0,1,1
person041,-15,2,E:\Thesis\Dataset\correct_angle_all\person041\left\15_degree02.png,0,0.15628208,0,0.28578433,15,0,0,1,1
person041,-15,9,E:\Thesis\Dataset\correct_angle_all\person041\left\15_degree09.png,0,0.08617305,0,0.2025816,15,0,0,1,1
person041,-15,14,E:\Thesis\Dataset\correct_angle_all\person041\left\15_degree14.png,0,0.1374683,0,0.26894936,15,0,0,1,1
person041,-15,18,E:\Thesis\Dataset\correct_angle_all\person041\left\15_degree18.png,0,0.13610043,0,0.25131172,15,0,0,1,1
person041,45,9,E:\Thesis\Dataset\correct_angle_all\person041\right\45_degree09.png,0,0.26025292,0,0.22433634,45,0,0,1,1
person041,45,14,E:\Thesis\Dataset\correct_angle_all\person041\right\45_degree14.png,0,0.1539054,0,0.21521069,45,0,0,1,1
person042,-90,2,E:\Thesis\Dataset\correct_angle_all\person042\left\90_degree_02.png,0,0.11316514,0,0.2438978,90,0,0,1,1
person042,-90,14,E:\Thesis\Dataset\correct_angle_all\person042\left\90_degree_14.png,0,0.087845445,0,0.3468769,90,0,0,1,1
person042,-75,14,E:\Thesis\Dataset\correct_angle_all\person042\left\75_degree_14.png,0,0.14621346,0,0.15927815,75,0,0,1,1
person042,75,2,E:\Thesis\Dataset\correct_angle_all\person042\right\75_degree02.png,0,0.11064252,0,0.25283295,75,0,0,1,1
person042,90,14,E:\Thesis\Dataset\correct_angle_all\person042\right\90_degree14.png,0,0.077444635,0,0.10392979,90,0,0,1,1
person043,75,2,E:\Thesis\Dataset\correct_angle_all\person043\right\75_degree02.png,0,0.16521092,0,0.27917615,75,0,0,1,1
person044,-90,2,E:\Thesis\Dataset\correct_angle_all\person044\left\90_degree_02.png,0,0.08685917,0,0.102192275,90,0,0,1,1
person044,-90,9,E:\Thesis\Dataset\correct_angle_all\person044\left\90_degree_09.png,0,0.1256025,0,0.089367114,90,0,0,1,1
person044,-90,14,E:\Thesis\Dataset\correct_angle_all\person044\left\90_degree_14.png,0,0.099473156,0,0.1557902,90,0,0,1,1
person044,75,2,E:\Thesis\Dataset\correct_angle_all\person044\right\75_degree02.png,0,0.11030052,0,0.3635666,75,0,0,1,1
person044,90,14,E:\Thesis\Dataset\correct_angle_all\person044\right\90_degree14.png,0,0.46020553,0,0.21141613,90,0,0,1,1
person045,-90,2,E:\Thesis\Dataset\correct_angle_all\person045\left\90_degree_02.png,0,0.12359363,0,0.2721436,90,0,0,1,1
person045,-90,9,E:\Thesis\Dataset\correct_angle_all\person045\left\90_degree_09.png,0,0.10870019,0,0.1783604,90,0,0,1,1
person045,90,2,E:\Thesis\Dataset\correct_angle_all\person045\right\90_degree02.png,0,0.14716212,0,0.19635303,90,0,0,1,1
person046,75,2,E:\Thesis\Dataset\correct_angle_all\person046\right\75_degree02.png,0,0.16143693,0,0.4614232,75,0,0,1,1
person047,-90,9,E:\Thesis\Dataset\correct_angle_all\person047\left\90_degree_09.png,0,0.12193909,0,0.18229991,90,0,0,1,1
person047,75,2,E:\Thesis\Dataset\correct_angle_all\person047\right\75_degree02.png,0,0.13520908,0,0.33882704,75,0,0,1,1
person047,90,2,E:\Thesis\Dataset\correct_angle_all\person047\right\90_degree02.png,0,0.04937448,0,0.11207408,90,0,0,1,1
person047,90,14,E:\Thesis\Dataset\correct_angle_all\person047\right\90_degree14.png,0,0.070199855,0,0.23784266,90,0,0,1,1
person047,90,18,E:\Thesis\Dataset\correct_angle_all\person047\right\90_degree18.png,0,0.051724557,0,0.11120274,90,0,0,1,1
person048,-75,14,E:\Thesis\Dataset\correct_angle_all\person048\left\75_degree_14.png,0,0.1170493,0,0.079126544,75,0,0,1,1
person048,15,18,E:\Thesis\Dataset\correct_angle_all\person048\right\15_degree18.png,1,0.06510571,0,0.34233907,15,0,0,0,1
person048,75,2,E:\Thesis\Dataset\correct_angle_all\person048\right\75_degree02.png,0,0.09775326,0,0.43253765,75,0,0,1,1
person049,-90,2,E:\Thesis\Dataset\correct_angle_all\person049\left\90_degree_02.png,1,0.13626531,0,0.17113216,90,0,0,0,1
person049,75,2,E:\Thesis\Dataset\correct_angle_all\person049\right\75_degree02.png,0,0.118731566,0,0.24404943,75,0,0,1,1
person049,75,9,E:\Thesis\Dataset\correct_angle_all\person049\right\75_degree09.png,0,0.18471737,0,0.33085743,75,0,0,1,1
person049,90,2,E:\Thesis\Dataset\correct_angle_all\person049\right\90_degree02.png,0,0.06606707,0,0.13962919,90,0,0,1,1
person049,90,18,E:\Thesis\Dataset\correct_angle_all\person049\right\90_degree18.png,0,0.07242079,0,0.19054644,90,0,0,1,1
person050,75,2,E:\Thesis\Dataset\correct_angle_all\person050\right\75_degree02.png,0,0.14458394,0,0.20271035,75,0,0,1,1
person050,75,9,E:\Thesis\Dataset\correct_angle_all\person050\right\75_degree09.png,0,0.10924048,0,0.24707903,75,0,0,1,1
person051,-90,2,E:\Thesis\Dataset\correct_angle_all\person051\left\90_degree_02.png,0,0.20272605,0,0.10460368,90,0,0,1,1
person051,-90,9,E:\Thesis\Dataset\correct_angle_all\person051\left\90_degree_09.png,0,0.09374499,0,0.16240937,90,0,0,1,1
person051,-75,14,E:\Thesis\Dataset\correct_angle_all\person051\left\75_degree_14.png,0,0.11898437,0,0.23184676,75,0,0,1,1
person051,45,14,E:\Thesis\Dataset\correct_angle_all\person051\right\45_degree14.png,0,0.2969681,0,0.2602978,45,0,0,1,1
person051,75,2,E:\Thesis\Dataset\correct_angle_all\person051\right\75_degree02.png,0,0.11355132,0,0.3707056,75,0,0,1,1
person051,75,14,E:\Thesis\Dataset\correct_angle_all\person051\right\75_degree14.png,0,0.10841336,0,0.21564133,75,0,0,1,1
person051,90,2,E:\Thesis\Dataset\correct_angle_all\person051\right\90_degree02.png,0,0.14878361,0,0.17260869,90,0,0,1,1
person051,90,14,E:\Thesis\Dataset\correct_angle_all\person051\right\90_degree14.png,0,0.112947874,0,0.07026661,90,0,0,1,1
person052,-45,9,E:\Thesis\Dataset\correct_angle_all\person052\left\45_degree_09.png,0,0.28384522,0,0.43281353,45,0,0,1,1
person052,-45,14,E:\Thesis\Dataset\correct_angle_all\person052\left\45_degree_14.png,0,0.23752563,0,0.37966383,45,0,0,1,1
person052,-45,18,E:\Thesis\Dataset\correct_angle_all\person052\left\45_degree_18.png,0,0.33992064,0,0.5561161,45,0,0,1,1
person052,-15,9,E:\Thesis\Dataset\correct_angle_all\person052\left\15_degree09.png,0,0.118177734,0,0.36115667,15,0,0,1,1
person052,-15,18,E:\Thesis\Dataset\correct_angle_all\person052\left\15_degree18.png,0,0.11469539,0,0.4408138,15,0,0,1,1
person052,75,2,E:\Thesis\Dataset\correct_angle_all\person052\right\75_degree02.png,0,0.09100834,0,0.08259492,75,0,0,1,1
person052,90,2,E:\Thesis\Dataset\correct_angle_all\person052\right\90_degree02.png,0,0.07530477,0,0.1800167,90,0,0,1,1
person052,90,18,E:\Thesis\Dataset\correct_angle_all\person052\right\90_degree18.png,0,0.12906826,0,0.11978354,90,0,0,1,1
person053,-90,2,E:\Thesis\Dataset\correct_angle_all\person053\left\90_degree_02.png,0,0.13912112,0,0.12112573,90,0,0,1,1
person053,75,2,E:\Thesis\Dataset\correct_angle_all\person053\right\75_degree02.png,0,0.093639046,0,0.264591,75,0,0,1,1
person055,-75,14,E:\Thesis\Dataset\correct_angle_all\person055\left\75_degree_14.png,0,0.07868018,0,0.17735815,75,0,0,1,1
person055,75,2,E:\Thesis\Dataset\correct_angle_all\person055\right\75_degree02.png,0,0.13389868,0,0.2300375,75,0,0,1,1
person056,-90,2,E:\Thesis\Dataset\correct_angle_all\person056\left\90_degree_02.png,0,0.091906734,0,0.2257251,90,0,0,1,1
person056,-90,9,E:\Thesis\Dataset\correct_angle_all\person056\left\90_degree_09.png,0,0.0701546,0,0.19132517,90,0,0,1,1
person056,-90,18,E:\Thesis\Dataset\correct_angle_all\person056\left\90_degree_18.png,0,0.0754093,0,0.19135128,90,0,0,1,1
person056,-75,14,E:\Thesis\Dataset\correct_angle_all\person056\left\75_degree_14.png,0,0.09603069,0,0.31340328,75,0,0,1,1
person056,75,2,E:\Thesis\Dataset\correct_angle_all\person056\right\75_degree02.png,0,0.19659688,0,0.33604547,75,0,0,1,1
person057,-90,14,E:\Thesis\Dataset\correct_angle_all\person057\left\90_degree_14.png,0,0.14633846,0,0.16741848,90,0,0,1,1
person057,75,2,E:\Thesis\Dataset\correct_angle_all\person057\right\75_degree02.png,0,0.14624149,0,0.27020276,75,0,0,1,1
person057,75,14,E:\Thesis\Dataset\correct_angle_all\person057\right\75_degree14.png,0,0.1425792,0,0.24110419,75,0,0,1,1
person058,-90,14,E:\Thesis\Dataset\correct_angle_all\person058\left\90_degree_14.png,0,0.10857111,0,0.15761441,90,0,0,1,1
person058,75,2,E:\Thesis\Dataset\correct_angle_all\person058\right\75_degree02.png,1,0.13125342,0,0.42528486,75,0,0,0,1
person060,75,2,E:\Thesis\Dataset\correct_angle_all\person060\right\75_degree02.png,0,0.10811809,0,0.19234544,75,0,0,1,1
person061,-90,2,E:\Thesis\Dataset\correct_angle_all\person061\left\90_degree_02.png,0,0.1317865,0,0.22584403,90,0,0,1,1
person061,-75,14,E:\Thesis\Dataset\correct_angle_all\person061\left\75_degree_14.png,0,0.10895523,0,0.22247578,75,0,0,1,1
person061,75,2,E:\Thesis\Dataset\correct_angle_all\person061\right\75_degree02.png,0,0.20930368,0,0.3674604,75,0,0,1,1
person061,90,14,E:\Thesis\Dataset\correct_angle_all\person061\right\90_degree14.png,0,0.28121713,0,0.16688173,90,0,0,1,1
person062,-90,2,E:\Thesis\Dataset\correct_angle_all\person062\left\90_degree_02.png,0,0.19060569,0,0.14587472,90,0,0,1,1
person062,-90,9,E:\Thesis\Dataset\correct_angle_all\person062\left\90_degree_09.png,0,0.1241951,0,0.1651634,90,0,0,1,1
person062,-90,14,E:\Thesis\Dataset\correct_angle_all\person062\left\90_degree_14.png,0,0.23452382,0,0.16386758,90,0,0,1,1
person062,-90,18,E:\Thesis\Dataset\correct_angle_all\person062\left\90_degree_18.png,0,0.15969636,0,0.18429251,90,0,0,1,1
person062,-75,2,E:\Thesis\Dataset\correct_angle_all\person062\left\75_degree_02.png,0,0.2061115,0,0.2632886,75,0,0,1,1
person062,-75,14,E:\Thesis\Dataset\correct_angle_all\person062\left\75_degree_14.png,0,0.08968846,0,0.2634965,75,0,0,1,1
person062,-75,18,E:\Thesis\Dataset\correct_angle_all\person062\left\75_degree_18.png,0,0.18825732,0,0.27692595,75,0,0,1,1
person062,75,2,E:\Thesis\Dataset\correct_angle_all\person062\right\75_degree02.png,0,0.23047556,0,0.18630247,75,0,0,1,1
person063,75,2,E:\Thesis\Dataset\correct_angle_all\person063\right\75_degree02.png,0,0.15221828,0,0.29159993,75,0,0,1,1
person064,75,2,E:\Thesis\Dataset\correct_angle_all\person064\right\75_degree02.png,0,0.1425097,0,0.27018312,75,0,0,1,1
person065,-90,2,E:\Thesis\Dataset\correct_angle_all\person065\left\90_degree_02.png,0,0.15292005,0,0.12009853,90,0,0,1,1
person065,-90,14,E:\Thesis\Dataset\correct_angle_all\person065\left\90_degree_14.png,0,0.16973011,0,0.08781003,90,0,0,1,1
person065,-90,18,E:\Thesis\Dataset\correct_angle_all\person065\left\90_degree_18.png,0,0.09118871,0,0.1046528,90,0,0,1,1
person065,-75,14,E:\Thesis\Dataset\correct_angle_all\person065\left\75_degree_14.png,0,0.09914059,0,0.13774674,75,0,0,1,1
person065,75,2,E:\Thesis\Dataset\correct_angle_all\person065\right\75_degree02.png,0,0.17822266,0,0.30216923,75,0,0,1,1
person065,90,9,E:\Thesis\Dataset\correct_angle_all\person065\right\90_degree09.png,0,0.07815298,0,0.22267509,90,0,0,1,1
person066,-90,2,E:\Thesis\Dataset\correct_angle_all\person066\left\90_degree_02.png,0,0.1354304,0,0.19697542,90,0,0,1,1
person066,-90,9,E:\Thesis\Dataset\correct_angle_all\person066\left\90_degree_09.png,0,0.13143675,0,0.18812494,90,0,0,1,1
person066,-90,14,E:\Thesis\Dataset\correct_angle_all\person066\left\90_degree_14.png,0,0.10985845,0,0.13681616,90,0,0,1,1
person066,-90,18,E:\Thesis\Dataset\correct_angle_all\person066\left\90_degree_18.png,0,0.1234678,0,0.15019773,90,0,0,1,1
person066,-75,14,E:\Thesis\Dataset\correct_angle_all\person066\left\75_degree_14.png,0,0.22334766,0,0.24996398,75,0,0,1,1
person066,75,2,E:\Thesis\Dataset\correct_angle_all\person066\right\75_degree02.png,0,0.116647184,0,0.52481604,75,0,0,1,1
person066,90,9,E:\Thesis\Dataset\correct_angle_all\person066\right\90_degree09.png,0,0.25141624,0,0.13824728,90,0,0,1,1
person066,90,18,E:\Thesis\Dataset\correct_angle_all\person066\right\90_degree18.png,0,0.16095842,0,0.1969908,90,0,0,1,1
person067,-90,2,E:\Thesis\Dataset\correct_angle_all\person067\left\90_degree_02.png,0,0.13642335,0,0.20138271,90,0,0,1,1
person067,-90,9,E:\Thesis\Dataset\correct_angle_all\person067\left\90_degree_09.png,0,0.14089213,0,0.118713476,90,0,0,1,1
person067,-75,2,E:\Thesis\Dataset\correct_angle_all\person067\left\75_degree_02.png,0,0.12785676,0,0.11384806,75,0,0,1,1
person067,-75,9,E:\Thesis\Dataset\correct_angle_all\person067\left\75_degree_09.png,0,0.1601545,0,0.1530662,75,0,0,1,1
person067,-75,14,E:\Thesis\Dataset\correct_angle_all\person067\left\75_degree_14.png,0,0.08520195,0,0.2717294,75,0,0,1,1
person067,-15,2,E:\Thesis\Dataset\correct_angle_all\person067\left\15_degree02.png,0,0.16234781,0,0.25004178,15,0,0,1,1
person067,-15,18,E:\Thesis\Dataset\correct_angle_all\person067\left\15_degree18.png,0,0.17112716,0,0.2601669,15,0,0,1,1
person068,-90,14,E:\Thesis\Dataset\correct_angle_all\person068\left\90_degree_14.png,0,0.17266406,0,0.1930369,90,0,0,1,1
person069,-90,9,E:\Thesis\Dataset\correct_angle_all\person069\left\90_degree_09.png,0,0.19268127,0,0.14438587,90,0,0,1,1
person069,-90,14,E:\Thesis\Dataset\correct_angle_all\person069\left\90_degree_14.png,0,0.2336747,0,0.1882087,90,0,0,1,1
person069,-75,9,E:\Thesis\Dataset\correct_angle_all\person069\left\75_degree_09.png,0,0.24204342,0,0.1618435,75,0,0,1,1
person069,-75,14,E:\Thesis\Dataset\correct_angle_all\person069\left\75_degree_14.png,0,0.12035844,0,0.21030438,75,0,0,1,1
person069,-75,18,E:\Thesis\Dataset\correct_angle_all\person069\left\75_degree_18.png,0,0.25274128,0,0.11066236,75,0,0,1,1
person069,75,2,E:\Thesis\Dataset\correct_angle_all\person069\right\75_degree02.png,0,0.12311479,0,0.27778506,75,0,0,1,1
person069,90,14,E:\Thesis\Dataset\correct_angle_all\person069\right\90_degree14.png,0,0.08645862,0,0.09522744,90,0,0,1,1
person070,-90,2,E:\Thesis\Dataset\correct_angle_all\person070\left\90_degree_02.png,0,0.13794655,0,0.1419838,90,0,0,1,1
person070,-90,9,E:\Thesis\Dataset\correct_angle_all\person070\left\90_degree_09.png,1,0.112472296,0,0.17439227,90,0,0,0,1
person070,-75,14,E:\Thesis\Dataset\correct_angle_all\person070\left\75_degree_14.png,0,0.20347501,0,0.39653572,75,0,0,1,1
person070,75,2,E:\Thesis\Dataset\correct_angle_all\person070\right\75_degree02.png,0,0.16979806,0,0.40207872,75,0,0,1,1
person071,-45,2,E:\Thesis\Dataset\correct_angle_all\person071\left\45_degree_02.png,0,0.15758501,0,0.45139048,45,0,0,1,1
person071,75,2,E:\Thesis\Dataset\correct_angle_all\person071\right\75_degree02.png,0,0.15154044,0,0.19189984,75,0,0,1,1
person072,-90,14,E:\Thesis\Dataset\correct_angle_all\person072\left\90_degree_14.png,0,0.22334616,0,0.25999242,90,0,0,1,1
person072,75,2,E:\Thesis\Dataset\correct_angle_all\person072\right\75_degree02.png,0,0.1036382,0,0.24541146,75,0,0,1,1
person073,-90,2,E:\Thesis\Dataset\correct_angle_all\person073\left\90_degree_02.png,0,0.12305534,0,0.13442425,90,0,0,1,1
person073,-90,9,E:\Thesis\Dataset\correct_angle_all\person073\left\90_degree_09.png,0,0.11448004,0,0.098420896,90,0,0,1,1
person073,-90,14,E:\Thesis\Dataset\correct_angle_all\person073\left\90_degree_14.png,0,0.16826697,0,0.09816888,90,0,0,1,1
person073,-90,18,E:\Thesis\Dataset\correct_angle_all\person073\left\90_degree_18.png,0,0.13650392,0,0.22448976,90,0,0,1,1
person073,-75,9,E:\Thesis\Dataset\correct_angle_all\person073\left\75_degree_09.png,0,0.12605049,0,0.10302327,75,0,0,1,1
person073,-75,14,E:\Thesis\Dataset\correct_angle_all\person073\left\75_degree_14.png,0,0.09495812,0,0.33083746,75,0,0,1,1
person073,-75,18,E:\Thesis\Dataset\correct_angle_all\person073\left\75_degree_18.png,0,0.102986366,0,0.20095958,75,0,0,1,1
person073,75,2,E:\Thesis\Dataset\correct_angle_all\person073\right\75_degree02.png,0,0.12566967,0,0.23079711,75,0,0,1,1
person073,90,9,E:\Thesis\Dataset\correct_angle_all\person073\right\90_degree09.png,0,0.08096662,0,0.1613183,90,0,0,1,1
person074,-90,9,E:\Thesis\Dataset\correct_angle_all\person074\left\90_degree_09.png,0,0.08861205,0,0.16608666,90,0,0,1,1
person074,-90,14,E:\Thesis\Dataset\correct_angle_all\person074\left\90_degree_14.png,0,0.13033299,0,0.17443907,90,0,0,1,1
person074,75,2,E:\Thesis\Dataset\correct_angle_all\person074\right\75_degree02.png,0,0.15168256,0,0.2853455,75,0,0,1,1
person074,90,2,E:\Thesis\Dataset\correct_angle_all\person074\right\90_degree02.png,0,0.1305046,0,0.14863597,90,0,0,1,1
person074,90,14,E:\Thesis\Dataset\correct_angle_all\person074\right\90_degree14.png,0,0.077281855,0,0.10380285,90,0,0,1,1
person074,90,18,E:\Thesis\Dataset\correct_angle_all\person074\right\90_degree18.png,0,0.1240387,0,0.16720794,90,0,0,1,1
person075,-75,14,E:\Thesis\Dataset\correct_angle_all\person075\left\75_degree_14.png,0,0.10101575,0,0.15631187,75,0,0,1,1
person075,75,2,E:\Thesis\Dataset\correct_angle_all\person075\right\75_degree02.png,0,0.14959188,0,0.25591734,75,0,0,1,1
person076,75,2,E:\Thesis\Dataset\correct_angle_all\person076\right\75_degree02.png,0,0.11129423,0,0.18725051,75,0,0,1,1
person077,75,2,E:\Thesis\Dataset\correct_angle_all\person077\right\75_degree02.png,0,0.22270735,0,0.30181518,75,0,0,1,1
person077,90,14,E:\Thesis\Dataset\correct_angle_all\person077\right\90_degree14.png,0,0.1581158,0,0.21491437,90,0,0,1,1
person078,75,2,E:\Thesis\Dataset\correct_angle_all\person078\right\75_degree02.png,0,0.088863194,0,0.30442345,75,0,0,1,1
person079,-90,2,E:\Thesis\Dataset\correct_angle_all\person079\left\90_degree_02.png,0,0.14165044,0,0.24154039,90,0,0,1,1
person079,-90,9,E:\Thesis\Dataset\correct_angle_all\person079\left\90_degree_09.png,0,0.077341504,0,0.52789396,90,0,0,1,1
person079,-90,14,E:\Thesis\Dataset\correct_angle_all\person079\left\90_degree_14.png,0,0.12576991,0,0.5446863,90,0,0,1,1
person079,-90,18,E:\Thesis\Dataset\correct_angle_all\person079\left\90_degree_18.png,0,0.17709565,0,0.6598657,90,0,0,1,1
person079,-75,14,E:\Thesis\Dataset\correct_angle_all\person079\left\75_degree_14.png,0,0.16660233,0,0.20090185,75,0,0,1,1
person079,-75,18,E:\Thesis\Dataset\correct_angle_all\person079\left\75_degree_18.png,0,0.20752926,0,0.5004762,75,0,0,1,1
person079,75,2,E:\Thesis\Dataset\correct_angle_all\person079\right\75_degree02.png,1,0.09375545,0,0.19125627,75,0,0,0,1
person080,75,2,E:\Thesis\Dataset\correct_angle_all\person080\right\75_degree02.png,0,0.117781125,0,0.20694871,75,0,0,1,1
person081,-75,14,E:\Thesis\Dataset\correct_angle_all\person081\left\75_degree_14.png,0,0.121959984,0,0.1980725,75,0,0,1,1
person081,75,2,E:\Thesis\Dataset\correct_angle_all\person081\right\75_degree02.png,0,0.11979812,0,0.20935078,75,0,0,1,1
person082,-90,2,E:\Thesis\Dataset\correct_angle_all\person082\left\90_degree_02.png,0,0.21966918,0,0.10245209,90,0,0,1,1
person082,-90,9,E:\Thesis\Dataset\correct_angle_all\person082\left\90_degree_09.png,0,0.09242991,0,0.31144178,90,0,0,1,1
person082,-90,14,E:\Thesis\Dataset\correct_angle_all\person082\left\90_degree_14.png,0,0.17339002,0,0.19889188,90,0,0,1,1
person082,-75,14,E:\Thesis\Dataset\correct_angle_all\person082\left\75_degree_14.png,0,0.103584446,0,0.113434754,75,0,0,1,1
person082,75,2,E:\Thesis\Dataset\correct_angle_all\person082\right\75_degree02.png,0,0.15520246,0,0.3481134,75,0,0,1,1
person082,90,2,E:\Thesis\Dataset\correct_angle_all\person082\right\90_degree02.png,0,0.15207034,0,0.17495109,90,0,0,1,1
person083,-90,2,E:\Thesis\Dataset\correct_angle_all\person083\left\90_degree_02.png,0,0.18897712,0,0.12095425,90,0,0,1,1
person083,-90,9,E:\Thesis\Dataset\correct_angle_all\person083\left\90_degree_09.png,0,0.12159417,0,0.08809435,90,0,0,1,1
person083,-90,14,E:\Thesis\Dataset\correct_angle_all\person083\left\90_degree_14.png,0,0.24472193,0,0.14060736,90,0,0,1,1
person083,-90,18,E:\Thesis\Dataset\correct_angle_all\person083\left\90_degree_18.png,0,0.1509624,0,0.100239694,90,0,0,1,1
person083,-75,14,E:\Thesis\Dataset\correct_angle_all\person083\left\75_degree_14.png,0,0.11068144,0,0.18801202,75,0,0,1,1
person083,75,2,E:\Thesis\Dataset\correct_angle_all\person083\right\75_degree02.png,0,0.12859522,0,0.1378748,75,0,0,1,1
person084,75,2,E:\Thesis\Dataset\correct_angle_all\person084\right\75_degree02.png,0,0.14239053,0,0.27323446,75,0,0,1,1
person084,75,14,E:\Thesis\Dataset\correct_angle_all\person084\right\75_degree14.png,0,0.1376394,0,0.18832703,75,0,0,1,1
person085,-90,2,E:\Thesis\Dataset\correct_angle_all\person085\left\90_degree_02.png,0,0.26908535,0,0.18494815,90,0,0,1,1
person085,-90,9,E:\Thesis\Dataset\correct_angle_all\person085\left\90_degree_09.png,0,0.16805445,0,0.27587226,90,0,0,1,1
person085,-90,14,E:\Thesis\Dataset\correct_angle_all\person085\left\90_degree_14.png,0,0.30933064,0,0.19667749,90,0,0,1,1
person085,-90,18,E:\Thesis\Dataset\correct_angle_all\person085\left\90_degree_18.png,0,0.20057356,0,0.19689254,90,0,0,1,1
person085,45,9,E:\Thesis\Dataset\correct_angle_all\person085\right\45_degree09.png,0,0.3058941,0,0.17358625,45,0,0,1,1
person085,45,14,E:\Thesis\Dataset\correct_angle_all\person085\right\45_degree14.png,0,0.23628862,0,0.24088383,45,0,0,1,1
person085,75,2,E:\Thesis\Dataset\correct_angle_all\person085\right\75_degree02.png,0,0.11909566,0,0.28674138,75,0,0,1,1
person085,90,9,E:\Thesis\Dataset\correct_angle_all\person085\right\90_degree09.png,0,0.10204778,0,0.41925392,90,0,0,1,1
person086,-90,2,E:\Thesis\Dataset\correct_angle_all\person086\left\90_degree_02.png,0,0.07619921,0,0.23273544,90,0,0,1,1
person086,-90,18,E:\Thesis\Dataset\correct_angle_all\person086\left\90_degree_18.png,0,0.070228435,0,0.17189534,90,0,0,1,1
person086,-75,14,E:\Thesis\Dataset\correct_angle_all\person086\left\75_degree_14.png,0,0.08180284,0,0.23321204,75,0,0,1,1
person086,-45,2,E:\Thesis\Dataset\correct_angle_all\person086\left\45_degree_02.png,0,0.14104986,0,0.29806054,45,0,0,1,1
person086,75,2,E:\Thesis\Dataset\correct_angle_all\person086\right\75_degree02.png,0,0.15879695,0,0.37084103,75,0,0,1,1
person086,90,14,E:\Thesis\Dataset\correct_angle_all\person086\right\90_degree14.png,0,0.16502418,0,0.12167583,90,0,0,1,1
person087,-90,9,E:\Thesis\Dataset\correct_angle_all\person087\left\90_degree_09.png,0,0.09442821,0,0.1871661,90,0,0,1,1
person087,-90,14,E:\Thesis\Dataset\correct_angle_all\person087\left\90_degree_14.png,0,0.07334285,0,0.20439655,90,0,0,1,1
person087,-90,18,E:\Thesis\Dataset\correct_angle_all\person087\left\90_degree_18.png,0,0.0816711,0,0.22403483,90,0,0,1,1
person087,75,2,E:\Thesis\Dataset\correct_angle_all\person087\right\75_degree02.png,0,0.084790476,0,0.105324775,75,0,0,1,1
person087,90,14,E:\Thesis\Dataset\correct_angle_all\person087\right\90_degree14.png,0,0.24953282,0,0.16758525,90,0,0,1,1
person088,-75,14,E:\Thesis\Dataset\correct_angle_all\person088\left\75_degree_14.png,0,0.10796232,0,0.1484372,75,0,0,1,1
person088,75,2,E:\Thesis\Dataset\correct_angle_all\person088\right\75_degree02.png,0,0.19790435,0,0.3073955,75,0,0,1,1
person089,-90,2,E:\Thesis\Dataset\correct_angle_all\person089\left\90_degree_02.png,0,0.15001069,0,0.15611053,90,0,0,1,1
person089,-90,14,E:\Thesis\Dataset\correct_angle_all\person089\left\90_degree_14.png,0,0.28603065,0,0.08787433,90,0,0,1,1
person089,-90,18,E:\Thesis\Dataset\correct_angle_all\person089\left\90_degree_18.png,0,0.11323291,0,0.13442737,90,0,0,1,1
person089,-75,14,E:\Thesis\Dataset\correct_angle_all\person089\left\75_degree_14.png,0,0.09807726,0,0.17960913,75,0,0,1,1
person089,75,2,E:\Thesis\Dataset\correct_angle_all\person089\right\75_degree02.png,0,0.12498459,0,0.17815559,75,0,0,1,1
person089,75,14,E:\Thesis\Dataset\correct_angle_all\person089\right\75_degree14.png,0,0.10356706,0,0.22935344,75,0,0,1,1
person090,75,2,E:\Thesis\Dataset\correct_angle_all\person090\right\75_degree02.png,0,0.17117327,0,0.24974036,75,0,0,1,1
person091,-90,9,E:\Thesis\Dataset\correct_angle_all\person091\left\90_degree_09.png,0,0.13009268,0,0.23118831,90,0,0,1,1
person091,75,2,E:\Thesis\Dataset\correct_angle_all\person091\right\75_degree02.png,0,0.11181229,0,0.31924886,75,0,0,1,1
person092,-75,14,E:\Thesis\Dataset\correct_angle_all\person092\left\75_degree_14.png,0,0.08846718,0,0.12927568,75,0,0,1,1
person092,75,2,E:\Thesis\Dataset\correct_angle_all\person092\right\75_degree02.png,0,0.0840806,0,0.31816652,75,0,0,1,1
person093,-75,14,E:\Thesis\Dataset\correct_angle_all\person093\left\75_degree_14.png,0,0.09494287,0,0.21064734,75,0,0,1,1
person093,-45,14,E:\Thesis\Dataset\correct_angle_all\person093\left\45_degree_14.png,0,0.16357814,0,0.65972537,45,0,0,1,1
person093,75,2,E:\Thesis\Dataset\correct_angle_all\person093\right\75_degree02.png,0,0.1226832,0,0.3611618,75,0,0,1,1
person094,75,2,E:\Thesis\Dataset\correct_angle_all\person094\right\75_degree02.png,0,0.15006135,0,0.20774908,75,0,0,1,1
person094,90,14,E:\Thesis\Dataset\correct_angle_all\person094\right\90_degree14.png,0,0.24693342,0,0.10737166,90,0,0,1,1
person095,-75,14,E:\Thesis\Dataset\correct_angle_all\person095\left\75_degree_14.png,0,0.100078166,0,0.100388296,75,0,0,1,1
person095,75,2,E:\Thesis\Dataset\correct_angle_all\person095\right\75_degree02.png,0,0.0861183,0,0.3370218,75,0,0,1,1
person096,-90,9,E:\Thesis\Dataset\correct_angle_all\person096\left\90_degree_09.png,0,0.16406919,0,0.15907736,90,0,0,1,1
person096,-75,9,E:\Thesis\Dataset\correct_angle_all\person096\left\75_degree_09.png,0,0.29271325,0,0.2970393,75,0,0,1,1
person096,-75,14,E:\Thesis\Dataset\correct_angle_all\person096\left\75_degree_14.png,0,0.099153616,0,0.2574236,75,0,0,1,1
person096,75,2,E:\Thesis\Dataset\correct_angle_all\person096\right\75_degree02.png,0,0.19375932,0,0.15830891,75,0,0,1,1
person097,-90,9,E:\Thesis\Dataset\correct_angle_all\person097\left\90_degree_09.png,0,0.10489604,0,0.25315982,90,0,0,1,1
person097,-90,14,E:\Thesis\Dataset\correct_angle_all\person097\left\90_degree_14.png,0,0.13020419,0,0.17379314,90,0,0,1,1
person097,-90,18,E:\Thesis\Dataset\correct_angle_all\person097\left\90_degree_18.png,0,0.10912842,0,0.27582172,90,0,0,1,1
person097,-75,14,E:\Thesis\Dataset\correct_angle_all\person097\left\75_degree_14.png,0,0.24231948,0,0.33645546,75,0,0,1,1
person097,75,2,E:\Thesis\Dataset\correct_angle_all\person097\right\75_degree02.png,0,0.11059397,0,0.32961786,75,0,0,1,1
person097,75,14,E:\Thesis\Dataset\correct_angle_all\person097\right\75_degree14.png,0,0.25086793,0,0.13238345,75,0,0,1,1
person097,90,9,E:\Thesis\Dataset\correct_angle_all\person097\right\90_degree09.png,0,0.2288682,0,0.1956044,90,0,0,1,1
person097,90,14,E:\Thesis\Dataset\correct_angle_all\person097\right\90_degree14.png,0,0.11009272,0,0.120744705,90,0,0,1,1
person098,-75,14,E:\Thesis\Dataset\correct_angle_all\person098\left\75_degree_14.png,0,0.09645424,0,0.39539742,75,0,0,1,1
person098,75,2,E:\Thesis\Dataset\correct_angle_all\person098\right\75_degree02.png,0,0.16032083,0,0.36229655,75,0,0,1,1
person098,90,14,E:\Thesis\Dataset\correct_angle_all\person098\right\90_degree14.png,0,0.09980834,0,0.14432018,90,0,0,1,1
person099,75,2,E:\Thesis\Dataset\correct_angle_all\person099\right\75_degree02.png,0,0.16315521,0,0.40208557,75,0,0,1,1
person100,-75,14,E:\Thesis\Dataset\correct_angle_all\person100\left\75_degree_14.png,0,0.10310963,0,0.27109346,75,0,0,1,1
person100,-45,9,E:\Thesis\Dataset\correct_angle_all\person100\left\45_degree_09.png,0,0.23188241,0,0.20451324,45,0,0,1,1
person100,-45,18,E:\Thesis\Dataset\correct_angle_all\person100\left\45_degree_18.png,1,0.21225035,0,0.20195545,45,0,0,0,1
person100,75,2,E:\Thesis\Dataset\correct_angle_all\person100\right\75_degree02.png,0,0.124399155,0,0.4335903,75,0,0,1,1
person101,15,2,E:\Thesis\Dataset\correct_angle_all\person101\right\15_degree02.png,0,0.10331092,0,0.562025,15,0,0,1,1
person101,15,18,E:\Thesis\Dataset\correct_angle_all\person101\right\15_degree18.png,0,0.1792546,0,0.36202893,15,0,0,1,1
person102,75,2,E:\Thesis\Dataset\correct_angle_all\person102\right\75_degree02.png,0,0.12460648,0,0.2685226,75,0,0,1,1
person102,75,14,E:\Thesis\Dataset\correct_angle_all\person102\right\75_degree14.png,0,0.15217303,0,0.21703963,75,0,0,1,1
person102,90,2,E:\Thesis\Dataset\correct_angle_all\person102\right\90_degree02.png,0,0.061001647,0,0.10806837,90,0,0,1,1
person102,90,9,E:\Thesis\Dataset\correct_angle_all\person102\right\90_degree09.png,0,0.112894714,0,0.15889674,90,0,0,1,1
person102,90,14,E:\Thesis\Dataset\correct_angle_all\person102\right\90_degree14.png,0,0.07641682,0,0.17960638,90,0,0,1,1
person102,90,18,E:\Thesis\Dataset\correct_angle_all\person102\right\90_degree18.png,0,0.098631255,0,0.14623812,90,0,0,1,1
person103,-90,2,E:\Thesis\Dataset\correct_angle_all\person103\left\90_degree_02.png,0,0.09748555,0,0.10703636,90,0,0,1,1
person103,-75,14,E:\Thesis\Dataset\correct_angle_all\person103\left\75_degree_14.png,0,0.08743787,0,0.157779,75,0,0,1,1
person103,75,2,E:\Thesis\Dataset\correct_angle_all\person103\right\75_degree02.png,0,0.16654316,0,0.3833538,75,0,0,1,1
person103,90,2,E:\Thesis\Dataset\correct_angle_all\person103\right\90_degree02.png,0,0.09858521,0,0.10823461,90,0,0,1,1
person104,75,2,E:\Thesis\Dataset\correct_angle_all\person104\right\75_degree02.png,0,0.20229518,0,0.51087946,75,0,0,1,1
person105,-90,14,E:\Thesis\Dataset\correct_angle_all\person105\left\90_degree_14.png,0,0.1396078,0,0.18048537,90,0,0,1,1
person105,-75,14,E:\Thesis\Dataset\correct_angle_all\person105\left\75_degree_14.png,0,0.12238476,0,0.10317931,75,0,0,1,1
person105,75,2,E:\Thesis\Dataset\correct_angle_all\person105\right\75_degree02.png,0,0.086144984,0,0.28245518,75,0,0,1,1
person105,75,9,E:\Thesis\Dataset\correct_angle_all\person105\right\75_degree09.png,0,0.10646709,0,0.13186085,75,0,0,1,1
person105,75,18,E:\Thesis\Dataset\correct_angle_all\person105\right\75_degree18.png,0,0.13711965,0,0.1359917,75,0,0,1,1
person105,90,2,E:\Thesis\Dataset\correct_angle_all\person105\right\90_degree02.png,0,0.10455924,0,0.26756135,90,0,0,1,1
person105,90,9,E:\Thesis\Dataset\correct_angle_all\person105\right\90_degree09.png,0,0.12173071,0,0.13721234,90,0,0,1,1
person105,90,14,E:\Thesis\Dataset\correct_angle_all\person105\right\90_degree14.png,0,0.20214708,0,0.13956802,90,0,0,1,1
person105,90,18,E:\Thesis\Dataset\correct_angle_all\person105\right\90_degree18.png,0,0.11849586,0,0.17948376,90,0,0,1,1
person106,75,2,E:\Thesis\Dataset\correct_angle_all\person106\right\75_degree02.png,0,0.09639245,0,0.32455936,75,0,0,1,1
person106,90,14,E:\Thesis\Dataset\correct_angle_all\person106\right\90_degree14.png,0,0.19092925,0,0.14960712,90,0,0,1,1
person107,-90,2,E:\Thesis\Dataset\correct_angle_all\person107\left\90_degree_02.png,0,0.1279564,0,0.15094711,90,0,0,1,1
person107,-90,14,E:\Thesis\Dataset\correct_angle_all\person107\left\90_degree_14.png,0,0.20860131,0,0.16840553,90,0,0,1,1
person107,75,2,E:\Thesis\Dataset\correct_angle_all\person107\right\75_degree02.png,0,0.13028206,0,0.2660322,75,0,0,1,1
person107,90,14,E:\Thesis\Dataset\correct_angle_all\person107\right\90_degree14.png,1,0.04875439,0,0.2116286,90,0,0,0,1
person107,90,18,E:\Thesis\Dataset\correct_angle_all\person107\right\90_degree18.png,2,0.054643657,0,0.28998503,90,0,0,0,1
person108,-90,9,E:\Thesis\Dataset\correct_angle_all\person108\left\90_degree_09.png,0,0.17588328,0,0.25256875,90,0,0,1,1
person108,-90,14,E:\Thesis\Dataset\correct_angle_all\person108\left\90_degree_14.png,0,0.23357396,0,0.16982533,90,0,0,1,1
person108,-90,18,E:\Thesis\Dataset\correct_angle_all\person108\left\90_degree_18.png,0,0.20005858,0,0.29782075,90,0,0,1,1
person108,-75,2,E:\Thesis\Dataset\correct_angle_all\person108\left\75_degree_02.png,0,0.2215029,0,0.20280206,75,0,0,1,1
person108,-75,9,E:\Thesis\Dataset\correct_angle_all\person108\left\75_degree_09.png,0,0.21925806,0,0.21657248,75,0,0,1,1
person108,-75,14,E:\Thesis\Dataset\correct_angle_all\person108\left\75_degree_14.png,0,0.11704421,0,0.13621528,75,0,0,1,1
person108,-75,18,E:\Thesis\Dataset\correct_angle_all\person108\left\75_degree_18.png,0,0.2042952,0,0.14045888,75,0,0,1,1
person108,75,2,E:\Thesis\Dataset\correct_angle_all\person108\right\75_degree02.png,0,0.10799264,0,0.19453256,75,0,0,1,1
person109,-90,2,E:\Thesis\Dataset\correct_angle_all\person109\left\90_degree_02.png,0,0.130495,0,0.20477848,90,0,0,1,1
person109,-90,9,E:\Thesis\Dataset\correct_angle_all\person109\left\90_degree_09.png,0,0.09694394,0,0.32624316,90,0,0,1,1
person109,-90,18,E:\Thesis\Dataset\correct_angle_all\person109\left\90_degree_18.png,0,0.16015515,0,0.52658945,90,0,0,1,1
person109,75,2,E:\Thesis\Dataset\correct_angle_all\person109\right\75_degree02.png,0,0.16613089,0,0.2763165,75,0,0,1,1
person110,75,2,E:\Thesis\Dataset\correct_angle_all\person110\right\75_degree02.png,0,0.16606821,0,0.27218476,75,0,0,1,1
person111,-90,2,E:\Thesis\Dataset\correct_angle_all\person111\left\90_degree_02.png,0,0.09515512,0,0.4367322,90,0,0,1,1
person111,75,2,E:\Thesis\Dataset\correct_angle_all\person111\right\75_degree02.png,0,0.10226673,0,0.30742505,75,0,0,1,1
person112,-75,14,E:\Thesis\Dataset\correct_angle_all\person112\left\75_degree_14.png,0,0.09744257,0,0.18905538,75,0,0,1,1
person112,45,14,E:\Thesis\Dataset\correct_angle_all\person112\right\45_degree14.png,0,0.09345829,0,0.16914098,45,0,0,1,1
person112,75,2,E:\Thesis\Dataset\correct_angle_all\person112\right\75_degree02.png,0,0.1060391,0,0.27811775,75,0,0,1,1
person112,75,9,E:\Thesis\Dataset\correct_angle_all\person112\right\75_degree09.png,0,0.09503415,0,0.2730932,75,0,0,1,1
person112,90,9,E:\Thesis\Dataset\correct_angle_all\person112\right\90_degree09.png,0,0.055739358,0,0.2027645,90,0,0,1,1
person112,90,14,E:\Thesis\Dataset\correct_angle_all\person112\right\90_degree14.png,0,0.05348507,0,0.20261121,90,0,0,1,1
person112,90,18,E:\Thesis\Dataset\correct_angle_all\person112\right\90_degree18.png,0,0.06351679,0,0.2804731,90,0,0,1,1
person113,-90,2,E:\Thesis\Dataset\correct_angle_all\person113\left\90_degree_02.png,0,0.12630866,0,0.11622414,90,0,0,1,1
person113,-90,9,E:\Thesis\Dataset\correct_angle_all\person113\left\90_degree_09.png,0,0.090539396,0,0.10743993,90,0,0,1,1
person113,75,2,E:\Thesis\Dataset\correct_angle_all\person113\right\75_degree02.png,0,0.10584334,0,0.3214529,75,0,0,1,1
person114,-90,14,E:\Thesis\Dataset\correct_angle_all\person114\left\90_degree_14.png,0,0.1729974,0,0.5269172,90,0,0,1,1
person114,-90,18,E:\Thesis\Dataset\correct_angle_all\person114\left\90_degree_18.png,0,0.19161807,0,0.42398903,90,0,0,1,1
person114,-75,14,E:\Thesis\Dataset\correct_angle_all\person114\left\75_degree_14.png,0,0.22665466,0,0.21480836,75,0,0,1,1
person115,75,2,E:\Thesis\Dataset\correct_angle_all\person115\right\75_degree02.png,0,0.098976634,0,0.19973086,75,0,0,1,1
person115,90,2,E:\Thesis\Dataset\correct_angle_all\person115\right\90_degree02.png,0,0.34276065,0,0.21529986,90,0,0,1,1
person115,90,18,E:\Thesis\Dataset\correct_angle_all\person115\right\90_degree18.png,0,0.32002774,0,0.20921473,90,0,0,1,1
person117,-90,14,E:\Thesis\Dataset\correct_angle_all\person117\left\90_degree_14.png,0,0.07765586,0,0.1487812,90,0,0,1,1
person117,-75,14,E:\Thesis\Dataset\correct_angle_all\person117\left\75_degree_14.png,0,0.101448916,0,0.19240211,75,0,0,1,1
person117,75,2,E:\Thesis\Dataset\correct_angle_all\person117\right\75_degree02.png,0,0.10228461,0,0.3542882,75,0,0,1,1
person118,-90,9,E:\Thesis\Dataset\correct_angle_all\person118\left\90_degree_09.png,0,0.13172479,0,0.17760795,90,0,0,1,1
person118,75,2,E:\Thesis\Dataset\correct_angle_all\person118\right\75_degree02.png,0,0.07910512,0,0.20296855,75,0,0,1,1
person118,90,2,E:\Thesis\Dataset\correct_angle_all\person118\right\90_degree02.png,0,0.08391813,0,0.2231592,90,0,0,1,1
person119,-75,14,E:\Thesis\Dataset\correct_angle_all\person119\left\75_degree_14.png,1,0.18395889,0,0.29372,75,0,0,0,1
person119,75,2,E:\Thesis\Dataset\correct_angle_all\person119\right\75_degree02.png,0,0.12372639,0,0.3065841,75,0,0,1,1
person119,90,14,E:\Thesis\Dataset\correct_angle_all\person119\right\90_degree14.png,0,0.21213783,0,0.21132056,90,0,0,1,1
person120,-75,14,E:\Thesis\Dataset\correct_angle_all\person120\left\75_degree_14.png,0,0.10735717,0,0.10432031,75,0,0,1,1
person120,75,2,E:\Thesis\Dataset\correct_angle_all\person120\right\75_degree02.png,0,0.13828968,0,0.43621466,75,0,0,1,1
person121,-90,2,E:\Thesis\Dataset\correct_angle_all\person121\left\90_degree_02.png,0,0.17662191,0,0.14495827,90,0,0,1,1
person121,-75,14,E:\Thesis\Dataset\correct_angle_all\person121\left\75_degree_14.png,0,0.16369052,0,0.261978,75,0,0,1,1
person121,75,2,E:\Thesis\Dataset\correct_angle_all\person121\right\75_degree02.png,0,0.082431406,0,0.20435499,75,0,0,1,1
person121,75,9,E:\Thesis\Dataset\correct_angle_all\person121\right\75_degree09.png,0,0.14957194,0,0.21221054,75,0,0,1,1
person121,75,14,E:\Thesis\Dataset\correct_angle_all\person121\right\75_degree14.png,0,0.086730085,0,0.21540816,75,0,0,1,1
person121,90,2,E:\Thesis\Dataset\correct_angle_all\person121\right\90_degree02.png,0,0.08539703,0,0.1463764,90,0,0,1,1
person121,90,9,E:\Thesis\Dataset\correct_angle_all\person121\right\90_degree09.png,0,0.088233866,0,0.17797105,90,0,0,1,1
person121,90,14,E:\Thesis\Dataset\correct_angle_all\person121\right\90_degree14.png,0,0.108479924,0,0.21985418,90,0,0,1,1
person122,-75,14,E:\Thesis\Dataset\correct_angle_all\person122\left\75_degree_14.png,0,0.09581899,0,0.15648873,75,0,0,1,1
person122,75,2,E:\Thesis\Dataset\correct_angle_all\person122\right\75_degree02.png,0,0.15310106,0,0.43769333,75,0,0,1,1
person122,90,14,E:\Thesis\Dataset\correct_angle_all\person122\right\90_degree14.png,0,0.24165787,0,0.15058555,90,0,0,1,1
person123,-90,14,E:\Thesis\Dataset\correct_angle_all\person123\left\90_degree_14.png,0,0.1069437,0,0.5252977,90,0,0,1,1
person123,-75,14,E:\Thesis\Dataset\correct_angle_all\person123\left\75_degree_14.png,0,0.17007394,0,0.14955685,75,0,0,1,1
person123,75,2,E:\Thesis\Dataset\correct_angle_all\person123\right\75_degree02.png,0,0.14274679,0,0.23458312,75,0,0,1,1
person123,90,2,E:\Thesis\Dataset\correct_angle_all\person123\right\90_degree02.png,0,0.24555852,0,0.25890678,90,0,0,1,1
person124,-75,14,E:\Thesis\Dataset\correct_angle_all\person124\left\75_degree_14.png,0,0.12134668,0,0.23775889,75,0,0,1,1
person124,75,2,E:\Thesis\Dataset\correct_angle_all\person124\right\75_degree02.png,0,0.12393102,0,0.39018556,75,0,0,1,1
person124,75,14,E:\Thesis\Dataset\correct_angle_all\person124\right\75_degree14.png,0,0.23453374,0,0.2590666,75,0,0,1,1
person124,90,14,E:\Thesis\Dataset\correct_angle_all\person124\right\90_degree14.png,0,0.08313105,0,0.114568256,90,0,0,1,1
person125,-90,9,E:\Thesis\Dataset\correct_angle_all\person125\left\90_degree_09.png,0,0.09383931,0,0.19138326,90,0,0,1,1
person125,-75,14,E:\Thesis\Dataset\correct_angle_all\person125\left\75_degree_14.png,0,0.099855445,0,0.25668147,75,0,0,1,1
person125,-45,14,E:\Thesis\Dataset\correct_angle_all\person125\left\45_degree_14.png,0,0.11311527,0,0.5549193,45,0,0,1,1
person125,75,2,E:\Thesis\Dataset\correct_angle_all\person125\right\75_degree02.png,0,0.1828798,0,0.54171747,75,0,0,1,1
person126,-75,14,E:\Thesis\Dataset\correct_angle_all\person126\left\75_degree_14.png,0,0.16285144,0,0.07513487,75,0,0,1,1
person126,75,2,E:\Thesis\Dataset\correct_angle_all\person126\right\75_degree02.png,0,0.08738354,0,0.17402072,75,0,0,1,1
person127,-90,9,E:\Thesis\Dataset\correct_angle_all\person127\left\90_degree_09.png,0,0.125082,0,0.1816637,90,0,0,1,1
person127,-90,14,E:\Thesis\Dataset\correct_angle_all\person127\left\90_degree_14.png,0,0.15035345,0,0.17282355,90,0,0,1,1
person127,-90,18,E:\Thesis\Dataset\correct_angle_all\person127\left\90_degree_18.png,0,0.10587543,0,0.14956814,90,0,0,1,1
person127,-75,14,E:\Thesis\Dataset\correct_angle_all\person127\left\75_degree_14.png,0,0.0758559,0,0.31182274,75,0,0,1,1
person127,75,2,E:\Thesis\Dataset\correct_angle_all\person127\right\75_degree02.png,0,0.14017525,0,0.28397593,75,0,0,1,1
person128,-75,14,E:\Thesis\Dataset\correct_angle_all\person128\left\75_degree_14.png,0,0.16107562,0,0.20530845,75,0,0,1,1
person128,75,2,E:\Thesis\Dataset\correct_angle_all\person128\right\75_degree02.png,0,0.09968474,0,0.19137605,75,0,0,1,1
person128,90,2,E:\Thesis\Dataset\correct_angle_all\person128\right\90_degree02.png,0,0.11567474,0,0.14390737,90,0,0,1,1
person129,-90,2,E:\Thesis\Dataset\correct_angle_all\person129\left\90_degree_02.png,0,0.16945864,0,0.3282952,90,0,0,1,1
person129,-75,14,E:\Thesis\Dataset\correct_angle_all\person129\left\75_degree_14.png,0,0.13647406,0,0.15935144,75,0,0,1,1
person129,75,2,E:\Thesis\Dataset\correct_angle_all\person129\right\75_degree02.png,0,0.10988594,0,0.18776768,75,0,0,1,1
person129,90,14,E:\Thesis\Dataset\correct_angle_all\person129\right\90_degree14.png,0,0.2150398,0,0.17551386,90,0,0,1,1
person130,75,2,E:\Thesis\Dataset\correct_angle_all\person130\right\75_degree02.png,0,0.18515013,0,0.37655893,75,0,0,1,1
person131,-90,9,E:\Thesis\Dataset\correct_angle_all\person131\left\90_degree_09.png,0,0.106389605,0,0.1525734,90,0,0,1,1
person131,-90,18,E:\Thesis\Dataset\correct_angle_all\person131\left\90_degree_18.png,0,0.07468926,0,0.20882256,90,0,0,1,1
person131,-75,14,E:\Thesis\Dataset\correct_angle_all\person131\left\75_degree_14.png,0,0.18415797,0,0.28163537,75,0,0,1,1
person131,75,2,E:\Thesis\Dataset\correct_angle_all\person131\right\75_degree02.png,0,0.097524196,0,0.23642504,75,0,0,1,1
person131,75,9,E:\Thesis\Dataset\correct_angle_all\person131\right\75_degree09.png,0,0.1306895,0,0.39048645,75,0,0,1,1
person131,75,14,E:\Thesis\Dataset\correct_angle_all\person131\right\75_degree14.png,0,0.11692939,0,0.11347417,75,0,0,1,1
person132,-90,2,E:\Thesis\Dataset\correct_angle_all\person132\left\90_degree_02.png,0,0.113646604,0,0.11341336,90,0,0,1,1
person132,-90,9,E:\Thesis\Dataset\correct_angle_all\person132\left\90_degree_09.png,0,0.10799999,0,0.15853961,90,0,0,1,1
person132,-90,14,E:\Thesis\Dataset\correct_angle_all\person132\left\90_degree_14.png,0,0.1419266,0,0.1953547,90,0,0,1,1
person132,-90,18,E:\Thesis\Dataset\correct_angle_all\person132\left\90_degree_18.png,0,0.10443141,0,0.21690917,90,0,0,1,1
person132,75,2,E:\Thesis\Dataset\correct_angle_all\person132\right\75_degree02.png,0,0.15570424,0,0.28719994,75,0,0,1,1
person133,-75,14,E:\Thesis\Dataset\correct_angle_all\person133\left\75_degree_14.png,0,0.0936536,0,0.24426107,75,0,0,1,1
person133,75,2,E:\Thesis\Dataset\correct_angle_all\person133\right\75_degree02.png,0,0.12946364,0,0.18926053,75,0,0,1,1
person134,-90,2,E:\Thesis\Dataset\correct_angle_all\person134\left\90_degree_02.png,1,0.11886906,0,0.33168024,90,0,0,0,1
person134,-75,14,E:\Thesis\Dataset\correct_angle_all\person134\left\75_degree_14.png,0,0.12477579,0,0.2035079,75,0,0,1,1
person134,75,2,E:\Thesis\Dataset\correct_angle_all\person134\right\75_degree02.png,0,0.10634079,0,0.16577749,75,0,0,1,1
person135,-90,18,E:\Thesis\Dataset\correct_angle_all\person135\left\90_degree_18.png,0,0.06818809,0,0.17615895,90,0,0,1,1
person135,75,2,E:\Thesis\Dataset\correct_angle_all\person135\right\75_degree02.png,0,0.09998802,0,0.25056925,75,0,0,1,1
person135,90,14,E:\Thesis\Dataset\correct_angle_all\person135\right\90_degree14.png,0,0.1590405,0,0.23244514,90,0,0,1,1
person136,-90,2,E:\Thesis\Dataset\correct_angle_all\person136\left\90_degree_02.png,0,0.17199112,0,0.13006221,90,0,0,1,1
person136,-75,14,E:\Thesis\Dataset\correct_angle_all\person136\left\75_degree_14.png,0,0.11775906,0,0.28210956,75,0,0,1,1
person136,75,2,E:\Thesis\Dataset\correct_angle_all\person136\right\75_degree02.png,0,0.15016077,0,0.27825475,75,0,0,1,1
person136,90,2,E:\Thesis\Dataset\correct_angle_all\person136\right\90_degree02.png,0,0.06950625,0,0.1607818,90,0,0,1,1
person136,90,14,E:\Thesis\Dataset\correct_angle_all\person136\right\90_degree14.png,0,0.0680641,0,0.106014945,90,0,0,1,1
person137,-90,2,E:\Thesis\Dataset\correct_angle_all\person137\left\90_degree_02.png,0,0.1504364,0,0.17533363,90,0,0,1,1
person137,-90,9,E:\Thesis\Dataset\correct_angle_all\person137\left\90_degree_09.png,0,0.085698515,0,0.09987708,90,0,0,1,1
person138,-75,14,E:\Thesis\Dataset\correct_angle_all\person138\left\75_degree_14.png,0,0.082664706,0,0.3721399,75,0,0,1,1
person138,75,2,E:\Thesis\Dataset\correct_angle_all\person138\right\75_degree02.png,0,0.13500494,0,0.1807121,75,0,0,1,1
person138,90,2,E:\Thesis\Dataset\correct_angle_all\person138\right\90_degree02.png,0,0.06568379,0,0.27038762,90,0,0,1,1
person139,-90,2,E:\Thesis\Dataset\correct_angle_all\person139\left\90_degree_02.png,0,0.1311454,0,0.14497001,90,0,0,1,1
person139,-75,14,E:\Thesis\Dataset\correct_angle_all\person139\left\75_degree_14.png,0,0.11260477,0,0.17181192,75,0,0,1,1
person139,75,2,E:\Thesis\Dataset\correct_angle_all\person139\right\75_degree02.png,0,0.104823105,0,0.19233866,75,0,0,1,1
person139,90,2,E:\Thesis\Dataset\correct_angle_all\person139\right\90_degree02.png,0,0.1405947,0,0.11967828,90,0,0,1,1
person139,90,9,E:\Thesis\Dataset\correct_angle_all\person139\right\90_degree09.png,0,0.08672818,0,0.13173676,90,0,0,1,1
person139,90,14,E:\Thesis\Dataset\correct_angle_all\person139\right\90_degree14.png,0,0.1641432,0,0.12596346,90,0,0,1,1
person139,90,18,E:\Thesis\Dataset\correct_angle_all\person139\right\90_degree18.png,0,0.099373914,0,0.09351057,90,0,0,1,1
person140,-75,14,E:\Thesis\Dataset\correct_angle_all\person140\left\75_degree_14.png,0,0.1240946,0,0.30064002,75,0,0,1,1
person140,75,2,E:\Thesis\Dataset\correct_angle_all\person140\right\75_degree02.png,0,0.13183413,0,0.25823072,75,0,0,1,1
person141,-90,2,E:\Thesis\Dataset\correct_angle_all\person141\left\90_degree_02.png,0,0.14858492,0,0.32394937,90,0,0,1,1
person141,-90,14,E:\Thesis\Dataset\correct_angle_all\person141\left\90_degree_14.png,0,0.090859555,0,0.25994515,90,0,0,1,1
person141,-75,14,E:\Thesis\Dataset\correct_angle_all\person141\left\75_degree_14.png,0,0.08771777,0,0.17219277,75,0,0,1,1
person141,75,2,E:\Thesis\Dataset\correct_angle_all\person141\right\75_degree02.png,0,0.07823414,0,0.20144355,75,0,0,1,1
person142,-75,14,E:\Thesis\Dataset\correct_angle_all\person142\left\75_degree_14.png,0,0.10498699,0,0.110034354,75,0,0,1,1
person142,75,2,E:\Thesis\Dataset\correct_angle_all\person142\right\75_degree02.png,0,0.17697988,0,0.21052742,75,0,0,1,1
person142,90,2,E:\Thesis\Dataset\correct_angle_all\person142\right\90_degree02.png,0,0.06388773,0,0.10348472,90,0,0,1,1
person143,-75,14,E:\Thesis\Dataset\correct_angle_all\person143\left\75_degree_14.png,0,0.12043754,0,0.274163,75,0,0,1,1
person143,75,2,E:\Thesis\Dataset\correct_angle_all\person143\right\75_degree02.png,0,0.16863342,0,0.51758343,75,0,0,1,1
person144,-90,14,E:\Thesis\Dataset\correct_angle_all\person144\left\90_degree_14.png,0,0.14683495,0,0.3863853,90,0,0,1,1
person144,-90,18,E:\Thesis\Dataset\correct_angle_all\person144\left\90_degree_18.png,0,0.11482679,0,0.27924404,90,0,0,1,1
person144,-75,14,E:\Thesis\Dataset\correct_angle_all\person144\left\75_degree_14.png,0,0.24789937,0,0.2768057,75,0,0,1,1
person144,75,2,E:\Thesis\Dataset\correct_angle_all\person144\right\75_degree02.png,0,0.10792577,0,0.2532921,75,0,0,1,1
person145,-75,14,E:\Thesis\Dataset\correct_angle_all\person145\left\75_degree_14.png,0,0.21632336,0,0.23862149,75,0,0,1,1
person145,75,2,E:\Thesis\Dataset\correct_angle_all\person145\right\75_degree02.png,0,0.11473638,0,0.27907172,75,0,0,1,1
person146,-90,2,E:\Thesis\Dataset\correct_angle_all\person146\left\90_degree_02.png,0,0.34690496,0,0.29782477,90,0,0,1,1
person146,-90,9,E:\Thesis\Dataset\correct_angle_all\person146\left\90_degree_09.png,0,0.11858231,0,0.28870192,90,0,0,1,1
person146,-90,14,E:\Thesis\Dataset\correct_angle_all\person146\left\90_degree_14.png,0,0.27822456,0,0.3050983,90,0,0,1,1
person146,-75,14,E:\Thesis\Dataset\correct_angle_all\person146\left\75_degree_14.png,0,0.13835551,0,0.15594377,75,0,0,1,1
person146,75,2,E:\Thesis\Dataset\correct_angle_all\person146\right\75_degree02.png,0,0.09510472,0,0.25651488,75,0,0,1,1
person146,90,14,E:\Thesis\Dataset\correct_angle_all\person146\right\90_degree14.png,0,0.091096066,0,0.20918067,90,0,0,1,1
person147,-90,2,E:\Thesis\Dataset\correct_angle_all\person147\left\90_degree_02.png,0,0.12258724,0,0.078050055,90,0,0,1,1
person147,-90,9,E:\Thesis\Dataset\correct_angle_all\person147\left\90_degree_09.png,0,0.10663492,0,0.13509919,90,0,0,1,1
person147,-90,14,E:\Thesis\Dataset\correct_angle_all\person147\left\90_degree_14.png,0,0.1709087,0,0.19542386,90,0,0,1,1
person147,-90,18,E:\Thesis\Dataset\correct_angle_all\person147\left\90_degree_18.png,0,0.0683695,0,0.13152221,90,0,0,1,1
person147,75,2,E:\Thesis\Dataset\correct_angle_all\person147\right\75_degree02.png,0,0.13900585,0,0.31162617,75,0,0,1,1
person148,-90,2,E:\Thesis\Dataset\correct_angle_all\person148\left\90_degree_02.png,0,0.24408269,0,0.20275803,90,0,0,1,1
person148,-90,9,E:\Thesis\Dataset\correct_angle_all\person148\left\90_degree_09.png,0,0.1397473,0,0.16423655,90,0,0,1,1
person148,-90,14,E:\Thesis\Dataset\correct_angle_all\person148\left\90_degree_14.png,0,0.25063583,0,0.2435512,90,0,0,1,1
person148,-90,18,E:\Thesis\Dataset\correct_angle_all\person148\left\90_degree_18.png,0,0.14193532,0,0.2311598,90,0,0,1,1
person148,-75,2,E:\Thesis\Dataset\correct_angle_all\person148\left\75_degree_02.png,0,0.25701573,0,0.1869138,75,0,0,1,1
person148,-75,14,E:\Thesis\Dataset\correct_angle_all\person148\left\75_degree_14.png,0,0.13980296,0,0.29681432,75,0,0,1,1
person148,75,2,E:\Thesis\Dataset\correct_angle_all\person148\right\75_degree02.png,0,0.12221968,0,0.26040202,75,0,0,1,1
person148,90,2,E:\Thesis\Dataset\correct_angle_all\person148\right\90_degree02.png,0,0.06821192,0,0.13375324,90,0,0,1,1
person149,-90,2,E:\Thesis\Dataset\correct_angle_all\person149\left\90_degree_02.png,0,0.21108003,0,0.2831314,90,0,0,1,1
person149,-90,9,E:\Thesis\Dataset\correct_angle_all\person149\left\90_degree_09.png,0,0.110339515,0,0.24009822,90,0,0,1,1
person149,-90,14,E:\Thesis\Dataset\correct_angle_all\person149\left\90_degree_14.png,0,0.17058913,0,0.14333443,90,0,0,1,1
person149,-90,18,E:\Thesis\Dataset\correct_angle_all\person149\left\90_degree_18.png,0,0.10924575,0,0.24675786,90,0,0,1,1
person149,-75,2,E:\Thesis\Dataset\correct_angle_all\person149\left\75_degree_02.png,0,0.34261462,0,0.17817484,75,0,0,1,1
person149,15,2,E:\Thesis\Dataset\correct_angle_all\person149\right\15_degree02.png,0,0.16338235,0,0.39991736,15,0,0,1,1
person149,15,18,E:\Thesis\Dataset\correct_angle_all\person149\right\15_degree18.png,0,0.195503,0,0.63450366,15,0,0,1,1
person149,75,2,E:\Thesis\Dataset\correct_angle_all\person149\right\75_degree02.png,0,0.12505595,0,0.24315657,75,0,0,1,1
person149,90,14,E:\Thesis\Dataset\correct_angle_all\person149\right\90_degree14.png,0,0.12342621,0,0.23096152,90,0,0,1,1
person150,-75,14,E:\Thesis\Dataset\correct_angle_all\person150\left\75_degree_14.png,0,0.11066246,0,0.22139926,75,0,0,1,1
person151,-90,14,E:\Thesis\Dataset\correct_angle_all\person151\left\90_degree_14.png,0,0.13118023,0,0.18840693,90,0,0,1,1
person151,-75,14,E:\Thesis\Dataset\correct_angle_all\person151\left\75_degree_14.png,0,0.12138615,0,0.11697349,75,0,0,1,1
person151,75,2,E:\Thesis\Dataset\correct_angle_all\person151\right\75_degree02.png,0,0.115291804,0,0.24624534,75,0,0,1,1
person151,90,2,E:\Thesis\Dataset\correct_angle_all\person151\right\90_degree02.png,0,0.07321983,0,0.26415864,90,0,0,1,1
person151,90,14,E:\Thesis\Dataset\correct_angle_all\person151\right\90_degree14.png,0,0.0627526,0,0.2169651,90,0,0,1,1
person151,90,18,E:\Thesis\Dataset\correct_angle_all\person151\right\90_degree18.png,0,0.07267137,0,0.29605898,90,0,0,1,1
person152,-75,14,E:\Thesis\Dataset\correct_angle_all\person152\left\75_degree_14.png,0,0.104077816,0,0.14490591,75,0,0,1,1
person152,75,2,E:\Thesis\Dataset\correct_angle_all\person152\right\75_degree02.png,0,0.14879191,0,0.3132489,75,0,0,1,1
person152,75,18,E:\Thesis\Dataset\correct_angle_all\person152\right\75_degree18.png,0,0.14286537,0,0.21999477,75,0,0,1,1
person152,90,14,E:\Thesis\Dataset\correct_angle_all\person152\right\90_degree14.png,0,0.07671242,0,0.17599453,90,0,0,1,1
person152,90,18,E:\Thesis\Dataset\correct_angle_all\person152\right\90_degree18.png,0,0.06927794,0,0.2784551,90,0,0,1,1
person153,75,2,E:\Thesis\Dataset\correct_angle_all\person153\right\75_degree02.png,0,0.17371295,0,0.22034098,75,0,0,1,1
